{"cameraMode":{"drawMode":0,"name":"Shaded","section":"Shading Mode"},"sceneLighting":false,"audioPlay":false,"sceneViewState":{"m_AlwaysRefresh":false,"showFog":true,"showSkybox":false,"showFlares":true,"showImageEffects":true,"showParticleSystems":true,"showVisualEffectGraphs":true,"m_FxEnabled":true},"in2DMode":false,"pivot":{"x":11.190019607543946,"y":0.8000754117965698,"z":18.589704513549806},"rotation":{"x":-0.000963421945925802,"y":0.9970548152923584,"z":-0.0757315456867218,"w":-0.012662485241889954},"size":1.1383496522903443,"orthographic":false}