{"cameraMode":{"drawMode":0,"name":"Shaded","section":"Shading Mode"},"sceneLighting":false,"audioPlay":false,"sceneViewState":{"m_AlwaysRefresh":false,"showFog":true,"showSkybox":false,"showFlares":true,"showImageEffects":true,"showParticleSystems":true,"showVisualEffectGraphs":true,"m_FxEnabled":true},"in2DMode":false,"pivot":{"x":1.230554223060608,"y":0.34766045212745669,"z":1.9369895458221436},"rotation":{"x":0.08849625289440155,"y":0.8091108202934265,"z":-0.12626829743385316,"w":0.5670707821846008},"size":13.060951232910157,"orthographic":false}