{"cameraMode":{"drawMode":0,"name":"Shaded","section":"Shading Mode"},"sceneLighting":true,"audioPlay":false,"sceneViewState":{"m_AlwaysRefresh":false,"showFog":true,"showSkybox":true,"showFlares":true,"showImageEffects":true,"showParticleSystems":true,"showVisualEffectGraphs":true,"m_FxEnabled":true},"in2DMode":false,"pivot":{"x":0.5399999618530273,"y":0.1700000762939453,"z":-0.3299999237060547},"rotation":{"x":-0.09012933075428009,"y":0.7695188522338867,"z":-0.11142858117818833,"w":-0.6223673820495606},"size":0.8660253882408142,"orthographic":false}