{"cameraMode":{"drawMode":0,"name":"Shaded","section":"Shading Mode"},"sceneLighting":false,"audioPlay":false,"sceneViewState":{"m_AlwaysRefresh":false,"showFog":true,"showSkybox":false,"showFlares":true,"showImageEffects":true,"showParticleSystems":true,"showVisualEffectGraphs":true,"m_FxEnabled":true},"in2DMode":false,"pivot":{"x":-0.03330231457948685,"y":0.08314868807792664,"z":-0.019090909510850908},"rotation":{"x":-0.014065002091228962,"y":0.8956875205039978,"z":-0.44355493783950808,"w":-0.02840212918817997},"size":41.63528060913086,"orthographic":false}